From,To,Distance
A,B,3.00000
B,A,3.00000
A,D,3.00000
D,A,3.00000
B,C,3.00000
C,B,3.00000
C,D,3.00000
D,C,3.00000
D,E,2.12132
E,D,2.12132
C,E,2.12132
E,C,2.12132
